"source","job_url","job_title","job_company","posted_at"
"linkedin","https://www.linkedin.com/jobs/view/3603686416","Surveyor","PT Ricobana Abadi",2023-06-12 10:09:37
"linkedin","https://www.linkedin.com/jobs/view/3601490004","Surveyor","PT BANTI INDONESIA",2023-06-12 10:09:40
"linkedin","https://www.linkedin.com/jobs/view/3618909838","Surveyor (for Nikel & Coal)","PT. Bintang Mining Indonesia",2023-06-12 10:09:42
"linkedin","https://www.linkedin.com/jobs/view/3575861999","Mine Surveyor - Nickel Mining","Michael Page",2023-06-12 10:09:45
"linkedin","https://www.linkedin.com/jobs/view/3629889816","Associate Field Engineer","McDermott International, Ltd",2023-06-12 10:09:48
"linkedin","https://www.linkedin.com/jobs/view/3619056772","IP-ES Manager, Project Site","CEVA Logistics",2023-06-12 10:09:50
"linkedin","https://www.linkedin.com/jobs/view/3612329140","Geospatial Engineer & Programmer","APRIL",2023-06-12 10:59:10
"linkedin","https://www.linkedin.com/jobs/view/3618910718","Staff GIS","PT Mutiara Sawit Seluma",2023-06-12 10:59:15
"linkedin","https://www.linkedin.com/jobs/view/3603688386","Senior Planner","PT. Ceria Utama Abadi",2023-06-12 10:59:21
"linkedin","https://www.linkedin.com/jobs/view/3620762951","AgTech Customer Success Specialist - Remote NE, ID, UT","Valmont Industries, Inc.",2023-06-12 10:59:26
"linkedin","https://www.linkedin.com/jobs/view/3628167897","AgTech Sales - Remote in Utah or Idaho","Valmont Industries, Inc.",2023-06-12 10:59:30
"linkedin","https://www.linkedin.com/jobs/view/3587493471","Planning (Assistant)","PT Mayawana Persada",2023-06-12 10:59:36
"linkedin","https://www.linkedin.com/jobs/view/3629300898","Consultancy â€“ A/R Expert or Auditor","PUR",2023-06-12 10:59:40
"linkedin","https://www.linkedin.com/jobs/view/3590179922","Corrosion Engineer","Oceaneering",2023-06-12 10:59:46
"linkedin","https://www.linkedin.com/jobs/view/3566415846","Operator Gas Engine","PT Tintin Boyok Sawit Makmur",2023-06-12 11:12:22
"linkedin","https://www.linkedin.com/jobs/view/3619385438","Asisten Infrastruktur","PT TRIPUTRA AGRO PERSADA GROUP",2023-06-12 11:12:26
"linkedin","https://www.linkedin.com/jobs/view/3590947526","Kerani Surabaya","PT. Panca Kusuma Raya",2023-06-12 11:12:33
"linkedin","https://www.linkedin.com/jobs/view/3566414905","Operator Proses Biogas","PT Tintin Boyok Sawit Makmur",2023-06-12 11:12:38
"linkedin","https://www.linkedin.com/jobs/view/3571220130","Kerani Forklift","PT. Panca Kusuma Raya",2023-06-12 11:12:43
"linkedin","https://www.linkedin.com/jobs/view/3600568780","Mekanik & Operator Mesin PKS","CV Sentosa Jaya Abadi",2023-06-12 11:12:48
"linkedin","https://www.linkedin.com/jobs/view/3608670414","STAR Engineering","PT Sampoerna Agro Tbk",2023-06-12 11:16:18
"linkedin","https://www.linkedin.com/jobs/view/3597010663","Industrial Engineer","PT ANTAM Tbk",2023-06-12 11:16:24
"linkedin","https://www.linkedin.com/jobs/view/3615304406","Geotech Engineer","Sinarmas Mining",2023-06-12 11:16:31
"linkedin","https://www.linkedin.com/jobs/view/3331657689","Production Engineer","McDermott International, Ltd",2023-06-12 11:16:36
"linkedin","https://www.linkedin.com/jobs/view/3623973641","Process Engineer","Orica",2023-06-12 11:16:41
"linkedin","https://www.linkedin.com/jobs/view/3606114347","Mechanical Static Engineer","PT. JFE Engineering Indonesia",2023-06-12 11:16:47
"linkedin","https://www.linkedin.com/jobs/view/3606617298","Mechanical Engineer","PT North Sumatera Hydro Energy",2023-06-12 11:16:51
"linkedin","https://www.linkedin.com/jobs/view/3569277075","Metal Engineer","TRIPATRA",2023-06-12 11:16:55
"linkedin","https://www.linkedin.com/jobs/view/3610954549","Smelter Operation Readiness - Engineer Network and Radio Systems","Freeport Indonesia",2023-06-12 11:17:00
"linkedin","https://www.linkedin.com/jobs/view/3539351976","MTO Engineer","McDermott International, Ltd",2023-06-12 11:17:06
"linkedin","https://www.linkedin.com/jobs/view/3606615437","Electrical Engineer","PT North Sumatera Hydro Energy",2023-06-12 11:17:10
"linkedin","https://www.linkedin.com/jobs/view/3601486484","Site Engineer","PT BANTI INDONESIA",2023-06-12 11:17:16
"linkedin","https://www.linkedin.com/jobs/view/3626545935","Mine Plan Engineer - Nickel","Michael Page",2023-06-12 11:17:20
"linkedin","https://www.linkedin.com/jobs/view/3606620066","Civil Engineer","PT North Sumatera Hydro Energy",2023-06-12 11:17:25
"linkedin","https://www.linkedin.com/jobs/view/3617644549","QC Engineer","Oil States International",2023-06-12 11:17:28
"linkedin","https://www.linkedin.com/jobs/view/3603690262","Mine Engineer SPV","PT Ricobana Abadi",2023-06-12 11:17:32
"linkedin","https://www.linkedin.com/jobs/view/3625642322","EOI Engineer Cost Control","Thiess",2023-06-12 11:17:38
"linkedin","https://www.linkedin.com/jobs/view/3599388132","Lead Mechanical Engineer - Smelter Projects","Michael Page",2023-06-12 11:17:44
"linkedin","https://www.linkedin.com/jobs/view/3613683718","Reservoir Engineer","SLB",2023-06-12 11:17:47
"linkedin","https://www.linkedin.com/jobs/view/3575867228","Electrical Engineer - Smelter","Michael Page",2023-06-12 11:17:53
"linkedin","https://www.linkedin.com/jobs/view/3633452797","Sales Engineer - Fluid Power (Indonesia)","Gates Corporation",2023-06-12 11:17:57
"linkedin","https://www.linkedin.com/jobs/view/3605051341","Mechanical Field Engineer","Baker Hughes",2023-06-12 11:18:02
"linkedin","https://www.linkedin.com/jobs/view/3629150411","Supervisor Mining","Thiess",2023-06-12 11:33:37
"linkedin","https://www.linkedin.com/jobs/view/3620856320","Mine production engineer H/F","Eramet",2023-06-12 11:33:41
"linkedin","https://www.linkedin.com/jobs/view/3625550739","General Manager Operations - Nickel","Michael Page",2023-06-12 11:33:45
"linkedin","https://www.linkedin.com/jobs/view/3625549754","General Manager Operations - Nickel","Michael Page",2023-06-12 11:33:52
"linkedin","https://www.linkedin.com/jobs/view/3629145749","Senior Supervisor Mining","Thiess",2023-06-12 11:33:56
"linkedin","https://www.linkedin.com/jobs/view/3604027306","KTT - Nickel","Michael Page",2023-06-12 11:34:00
"linkedin","https://www.linkedin.com/jobs/view/3575863860","Project Director - Mine Expansion (Open for Expat)","Michael Page",2023-06-12 11:34:06
"linkedin","https://www.linkedin.com/jobs/view/3575865559","COO - Nickel Mining","Michael Page",2023-06-12 11:34:11
"linkedin","https://www.linkedin.com/jobs/view/3575869152","Mine Engineer - Nickel Mining","Michael Page",2023-06-12 11:34:15
"linkedin","https://www.linkedin.com/jobs/view/3609466113","CEO Indonesia - Mining Equipment (Expatriate)","Page Executive",2023-06-12 11:34:21
"linkedin","https://www.linkedin.com/jobs/view/3628336152","Biodiversity Superintendent","Eramet",2023-06-12 11:34:27
"linkedin","https://www.linkedin.com/jobs/view/3603691041","Mine Engineer Group Leader","PT Ricobana Abadi",2023-06-12 11:34:30
"linkedin","https://www.linkedin.com/jobs/view/3597722208","Senior Analyst Climate and Energy, Indonesia","Ember",2023-06-12 11:34:36
"linkedin","https://www.linkedin.com/jobs/view/3602018128","Production Manager - Coal","Michael Page",2023-06-12 11:34:40
"linkedin","https://www.linkedin.com/jobs/view/3575869178","Operation Manager - Nickel Mining","Michael Page",2023-06-12 11:34:44
"linkedin","https://www.linkedin.com/jobs/view/3575868235","Production Manager - Coal Mining","Michael Page",2023-06-12 11:34:48
"linkedin","https://www.linkedin.com/jobs/view/3616466746","Team Manager Development (Coal Mining, East Kalimantan)","Robert Walters",2023-06-12 11:34:55
"linkedin","https://www.linkedin.com/jobs/view/3616465812","Team Manager Production (Coal Mining, East Kalimantan)","Robert Walters",2023-06-12 11:35:00
"linkedin","https://www.linkedin.com/jobs/view/3575867179","Operations Manager - Greenfield Coal Mining","Michael Page",2023-06-12 11:35:05
"linkedin","https://www.linkedin.com/jobs/view/3629941261","EOI - Senior Engineer Planning Assets","Thiess",2023-06-12 11:43:15
"linkedin","https://www.linkedin.com/jobs/view/3600885712","Mine Engineering Manager","Michael Page",2023-06-12 11:45:19
"linkedin","https://www.linkedin.com/jobs/view/3629504850","Project Engineer","PT Bhumi Phala Perkasa",2023-06-12 12:16:13
"linkedin","https://www.linkedin.com/jobs/view/3629938705","EOI - Engineer Assets","Thiess",2023-06-12 12:16:18
"linkedin","https://www.linkedin.com/jobs/view/3610958121","Smelter Operation Readiness - Engineer Network, Wireless and Control Systems","Freeport Indonesia",2023-06-12 12:16:22
"linkedin","https://www.linkedin.com/jobs/view/3610952924","Smelter Operation Readiness - Engineer Radio Systems","Freeport Indonesia",2023-06-12 12:16:28
"linkedin","https://www.linkedin.com/jobs/view/3597005730","Sales Engineer","PT. EGA MEKINKA GRUP",2023-06-12 12:16:33
"linkedin","https://www.linkedin.com/jobs/view/3622532530","Method Maintenance Engineer M/W","Eramet",2023-06-12 12:16:40
"linkedin","https://www.linkedin.com/jobs/view/3478747341","Associate Production Engineer","McDermott International, Ltd",2023-06-12 12:16:44
"linkedin","https://www.linkedin.com/jobs/view/3575824878","Process Engineer M/W","Eramet",2023-06-12 12:16:47
"linkedin","https://www.linkedin.com/jobs/view/3621359485","FMS Engineer H/F","Eramet",2023-06-12 12:16:54
"linkedin","https://www.linkedin.com/jobs/view/3611683045","Principal Engineer","AgriAku",2023-06-12 12:17:00
"linkedin","https://www.linkedin.com/jobs/view/3609410744","Engineering Manager - Mining","Michael Page",2023-06-12 12:17:06
"linkedin","https://www.linkedin.com/jobs/view/3612523570","Engineer, RCM Tibology LL #2","Freeport Indonesia",2023-06-12 12:17:09
"linkedin","https://www.linkedin.com/jobs/view/3625548755","Chief Mining Engineer - Nickel Mining","Michael Page",2023-06-12 12:17:15
"linkedin","https://www.linkedin.com/jobs/view/3610960481","Smelter Operation Readiness - Engineer Systems Management","Freeport Indonesia",2023-06-12 12:17:20
"linkedin","https://www.linkedin.com/jobs/view/3633605508","Technical Expert, Support Equipment Maintenance","Freeport-McMoRan",2023-06-12 12:17:26
"linkedin","https://www.linkedin.com/jobs/view/3617606538","Sr. Electrical/Instrument Engineer (Third-Party Contract Employee)","Petrochina International Jabung Ltd.",2023-06-12 12:17:30
"linkedin","https://www.linkedin.com/jobs/view/3622682293","Senior Mechanical Engineer/RE/SME-Cyanide","Orica",2023-06-12 12:17:35
"linkedin","https://www.linkedin.com/jobs/view/3364201373","Senior Production Engineer","McDermott International, Ltd",2023-06-12 12:17:38
"linkedin","https://www.linkedin.com/jobs/view/3618909877","Supervisor Mine Plan Engineer (for Coal)","PT. Bintang Mining Indonesia",2023-06-12 12:17:43
"linkedin","https://www.linkedin.com/jobs/view/3622531739","IT/OT Operational Build Lead Engineer M/W","Eramet",2023-06-12 12:17:49
"linkedin","https://www.linkedin.com/jobs/view/3575869197","Civil & Structural Engineer - Smelter Projects","Michael Page",2023-06-12 12:17:53
"linkedin","https://www.linkedin.com/jobs/view/3632125275","Security Engineering","AgriAku",2023-06-12 12:29:58
"linkedin","https://www.linkedin.com/jobs/view/3627190890","Material Engineer","PT Gotion Indonesia Materials",2023-06-12 12:30:02
"linkedin","https://www.linkedin.com/jobs/view/3623066518","Structural Engineer","McDermott International, Ltd",2023-06-12 12:30:09
"linkedin","https://www.linkedin.com/jobs/view/3629154158","Devops Engineer","AgriAku",2023-06-12 12:30:15
"linkedin","https://www.linkedin.com/jobs/view/3569663200","Technical Expert, Mill Mechanical Project and Shutdown","Freeport-McMoRan",2023-06-12 12:30:21
"linkedin","https://www.linkedin.com/jobs/view/3506333913","Senior Production Engineer","McDermott International, Ltd",2023-06-12 12:30:25
"linkedin","https://www.linkedin.com/jobs/view/3627188967","Battery Engineer","PT Gotion Indonesia Materials",2023-06-12 12:30:31
"linkedin","https://www.linkedin.com/jobs/view/3612476931","Senior Mining Engineer | Nickel West | Mt Keith | 5:2/4:3 or 7:7","BHP",2023-06-12 12:30:37
"linkedin","https://www.linkedin.com/jobs/view/3598332958","Geotek Engineer Supervisor","PT Mifa Bersaudara",2023-06-12 12:30:42
"linkedin","https://www.linkedin.com/jobs/view/3628932447","Top Drive Engineer","PT Bohai Drilling Service Indonesia",2023-06-12 12:30:47
"linkedin","https://www.linkedin.com/jobs/view/3615348348","Mine Geotechnics Engineer M/W","Eramet",2023-06-12 12:30:52
"linkedin","https://www.linkedin.com/jobs/view/3627191701","Mining Engineer","PT Gotion Indonesia Materials",2023-06-12 12:30:56
"linkedin","https://www.linkedin.com/jobs/view/3612268000","Reliability Engineer - Drilling Services","Baker Hughes",2023-06-12 12:31:00
"linkedin","https://www.linkedin.com/jobs/view/3596657719","Senior Backend Engineer","AgriAku",2023-06-12 12:31:04
"linkedin","https://www.linkedin.com/jobs/view/3622532543","Supply Chain Office Harbour M/W","Eramet",2023-06-12 12:31:09
"linkedin","https://www.linkedin.com/jobs/view/3627193414","Battery Technical Support Engineer","PT Gotion Indonesia Materials",2023-06-12 12:31:15
"linkedin","https://www.linkedin.com/jobs/view/3627195130","Equipment Engineer","PT Gotion Indonesia Materials",2023-06-12 12:31:22
"linkedin","https://www.linkedin.com/jobs/view/3562206997","Full Stack Software Engineer","SLB",2023-06-12 12:31:28
"linkedin","https://www.linkedin.com/jobs/view/3575829352","Geostatistical Specialist","Eramet",2023-06-12 12:31:32
"linkedin","https://www.linkedin.com/jobs/view/3607286849","Senior Electrical Engineer","PT. Bumi Mineral Sulawesi",2023-06-12 12:31:39
"linkedin","https://www.linkedin.com/jobs/view/3607292315","Senior Control Instrument Engineer","PT. Bumi Mineral Sulawesi",2023-06-12 12:31:44
"linkedin","https://www.linkedin.com/jobs/view/3598338185","MINE PLAN ENGINEER","PT Mitra Abadi Mahakam",2023-06-12 12:31:51
"linkedin","https://www.linkedin.com/jobs/view/3590944875","Mineplan Engineer","PT Bima Putra Abadi Citranusa (Bomba Grup) - Site Lahat, Sumatra Selatan",2023-06-12 12:31:56
"linkedin","https://www.linkedin.com/jobs/view/3627191709","Geological Engineer","PT Gotion Indonesia Materials",2023-06-12 12:32:03
"linkedin","https://www.linkedin.com/jobs/view/3628891786","Technical Support Specialist - Artificial Lift","Baker Hughes",2023-06-12 12:32:07
"linkedin","https://www.linkedin.com/jobs/view/3575824884","VIE Short Term Mine Planning Engineer _ M/F","Eramet",2023-06-12 12:32:14
"linkedin","https://www.linkedin.com/jobs/view/3627194318","Smelting Process Engineer","PT Gotion Indonesia Materials",2023-06-12 12:32:20
"linkedin","https://www.linkedin.com/jobs/view/3627194316","Sales Engineer","PT Gotion Indonesia Materials",2023-06-12 12:32:25
"linkedin","https://www.linkedin.com/jobs/view/3621360441","Supervisor and QC leveling - earth works","Eramet",2023-06-12 12:32:30
"linkedin","https://www.linkedin.com/jobs/view/2945729674","Technical Expert, Ore Flow & Mill Maintenance Planning","Freeport-McMoRan",2023-06-12 12:32:34
"linkedin","https://www.linkedin.com/jobs/view/3622535078","Manager Batching Plant","Eramet",2023-06-12 12:32:39
"linkedin","https://www.linkedin.com/jobs/view/3600826406","Senior Data Engineer - Global Mining","Michael Page",2023-06-12 12:32:44
"linkedin","https://www.linkedin.com/jobs/view/3361659375","Business Development Assistant Manager (Renewable Energy Consulting)","Syntek Energy & Control",2023-06-12 12:32:50
"linkedin","https://www.linkedin.com/jobs/view/3620854378","SITE PLANNER M/W","Eramet",2023-06-12 12:32:54
"linkedin","https://www.linkedin.com/jobs/view/3627576407","Technical Expert, High Voltage Power Distribution","Freeport-McMoRan",2023-06-12 12:33:01
"linkedin","https://www.linkedin.com/jobs/view/3561690975","Technical Expert, Mass Excavation","Freeport-McMoRan",2023-06-12 12:33:07
"linkedin","https://www.linkedin.com/jobs/view/3614772149","Technical Expert, Metallurgy Comminution","Freeport-McMoRan",2023-06-12 12:33:10
"linkedin","https://www.linkedin.com/jobs/view/3006367791","Technical Expert, Grasberg & Underground Blasting Specialist","Freeport-McMoRan",2023-06-12 12:33:15
"linkedin","https://www.linkedin.com/jobs/view/3627277510","Technical Expert, Planning Support and SAP Integration","Freeport-McMoRan",2023-06-12 12:33:22
"linkedin","https://www.linkedin.com/jobs/view/3417269847","Technical Expert, Big Gossan Development","Freeport-McMoRan",2023-06-12 12:33:26
"linkedin","https://www.linkedin.com/jobs/view/3573615369","Human Resources Generalist","McDermott International, Ltd",2023-06-12 12:33:30
"linkedin","https://www.linkedin.com/jobs/view/3631422784","Technical Expert, Geotechnical Analysis Support Systems","Freeport-McMoRan",2023-06-12 12:33:36
"linkedin","https://www.linkedin.com/jobs/view/3631423797","Technical Expert, Geotechnical Analysis Monitoring Systems","Freeport-McMoRan",2023-06-12 12:33:41
"linkedin","https://www.linkedin.com/jobs/view/3301049704","Technical Expert, Underground Mining Training Specialist","Freeport-McMoRan",2023-06-12 12:33:46
"linkedin","https://www.linkedin.com/jobs/view/3622529959","SENIOR PROCUREMENT MANAGER M/W","Eramet",2023-06-12 12:33:53
"linkedin","https://www.linkedin.com/jobs/view/3587518230","Manager Concentrating Expansion","Freeport-McMoRan",2023-06-12 12:34:00
"linkedin","https://www.linkedin.com/jobs/view/3622532549","Area construction Manager (for HPAL or Permanent facilities, SAP power, Dewatering plant)","Eramet",2023-06-12 12:34:04
"linkedin","https://www.linkedin.com/jobs/view/3623880926","Short Term Mine Planning Superintendent","Eramet",2023-06-12 12:34:09
"linkedin","https://www.linkedin.com/jobs/view/3625024722","Content (Marketing) Manager for B2B Engineering Related Company","Pt Best / Doctor Accu",2023-06-12 12:34:14
"linkedin","https://www.linkedin.com/jobs/view/3610957168","Smelter Operation Readiness - Superintendent Systems Management","Freeport Indonesia",2023-06-12 12:42:46
"linkedin","https://www.linkedin.com/jobs/view/3317304719","Technical Advisor, Risk Assurance and Compliance","Freeport-McMoRan",2023-06-12 12:42:52
"linkedin","https://www.linkedin.com/jobs/view/3612832706","IP-ES Project Specialist, Operations","CEVA Logistics",2023-06-12 12:42:59
"linkedin","https://www.linkedin.com/jobs/view/3575865601","Operation Assistant Manager PLTU","Michael Page",2023-06-12 12:43:04
"linkedin","https://www.linkedin.com/jobs/view/3627319591","Superintendent Civil Operations","Thiess",2023-06-12 12:43:09
"linkedin","https://www.linkedin.com/jobs/view/3605871146","Operation Director - Indonesia","Tetra Tech",2023-06-12 12:43:15
"linkedin","https://www.linkedin.com/jobs/view/3583054097","Finance Support (Yogyakarta)","PT Blue Gas Indonesia",2023-06-12 12:43:22
"linkedin","https://www.linkedin.com/jobs/view/3609973742","Senior Specialist Project Management & Specialist Project Management | Nickel West | 5:2:4:3","BHP",2023-06-12 12:43:26
"linkedin","https://www.linkedin.com/jobs/view/3602682512","Inside Sales Specialist APAC","MSA - The Safety Company",2023-06-12 12:43:30
"linkedin","https://www.linkedin.com/jobs/view/3605103826","Legal Manager (Mining)","Michael Page",2023-06-12 12:43:35
"linkedin","https://www.linkedin.com/jobs/view/3622529943","Responsible Mining Manager M/W","Eramet",2023-06-12 12:43:39
"linkedin","https://www.linkedin.com/jobs/view/3609462916","Asset Operations Manager - Mining Contractor","Page Executive",2023-06-12 12:43:46
"linkedin","https://www.linkedin.com/jobs/view/3617645535","Electrical Superintendent","Oil States International",2023-06-12 12:43:50
"linkedin","https://www.linkedin.com/jobs/view/3575868205","Senior Project manager - Energy & Petrochemical","Michael Page",2023-06-12 12:43:56
"linkedin","https://www.linkedin.com/jobs/view/3575865521","Infrastructure Senior Manager - Mining Company (Open for Expat)","Michael Page",2023-06-12 12:44:03
"linkedin","https://www.linkedin.com/jobs/view/3610955270","Smelter Operation Readiness - Superintendent End User Computing","Freeport Indonesia",2023-06-12 12:44:10
"linkedin","https://www.linkedin.com/jobs/view/3612737905","Associate Travel Administrator","McDermott International, Ltd",2023-06-12 12:44:16
"linkedin","https://www.linkedin.com/jobs/view/3621359486","Hydrology Specialist M/W","Eramet",2023-06-12 12:44:21
"linkedin","https://www.linkedin.com/jobs/view/3629693885","Turnaround Lead Scheduler","bp",2023-06-12 12:44:26
"linkedin","https://www.linkedin.com/jobs/view/3614247973","Expression of Interest - Truck Rebuild Centre Manager","Thiess",2023-06-12 12:44:32
"linkedin","https://www.linkedin.com/jobs/view/3575863832","Sr. Construction Manager - Power Plant (Open for Expatriate)","Michael Page",2023-06-12 12:44:39
"linkedin","https://www.linkedin.com/jobs/view/3624430825","Coiled Tubing Operation Manager - O&G Service","Michael Page",2023-06-12 12:44:46
"linkedin","https://www.linkedin.com/jobs/view/3614245983","Expression of Interest Manager Truck Rebuild Centre","Thiess",2023-06-12 12:44:49
"linkedin","https://www.linkedin.com/jobs/view/3575863794","Project Manager - Industrial Buildings","Michael Page",2023-06-12 12:44:53
"linkedin","https://www.linkedin.com/jobs/view/3617846989","Expression of Interest - Truck Rebuild Centre Manager","Thiess",2023-06-12 12:44:57
"linkedin","https://www.linkedin.com/jobs/view/3567958791","Maintenance Manager (Jakarta)","Michael Page",2023-06-12 12:45:00
"linkedin","https://www.linkedin.com/jobs/view/3562441557","Principal Consultant - Social Impact Assessment","ERM",2023-06-12 12:45:06
"linkedin","https://www.linkedin.com/jobs/view/3596366115","Logistics Manager","Baker Hughes",2023-06-12 12:45:11
"linkedin","https://www.linkedin.com/jobs/view/3623559498","Sumatera Area Sales Representative - Completions and Well Intervention (CWI)","Baker Hughes",2023-06-12 12:45:18
"linkedin","https://www.linkedin.com/jobs/view/3603690231","Lead 3D Designer SPPID","PT. Ceria Utama Abadi",2023-06-12 12:45:22
"linkedin","https://www.linkedin.com/jobs/view/3619671490","KTT - Tin Smelter","Michael Page",2023-06-12 12:45:29
"linkedin","https://www.linkedin.com/jobs/view/3621208771","Manager Projects","McDermott International, Ltd",2023-06-12 12:45:34
"linkedin","https://www.linkedin.com/jobs/view/3560220160","Artificial Lift Field Specialist","SLB",2023-06-12 12:45:40
"linkedin","https://www.linkedin.com/jobs/view/3607291374","Turbine","PT Borneo Alumina Indonesia (PT BAI)",2023-06-12 12:45:44
"linkedin","https://www.linkedin.com/jobs/view/3613416841","Project Service Delivery Coordinator - Liner Hanger and Completion","Baker Hughes",2023-06-12 12:45:52
"linkedin","https://www.linkedin.com/jobs/view/3611017232","Rubber Lining Supervisor","The Weir Group PLC",2023-06-12 12:45:59
"linkedin","https://www.linkedin.com/jobs/view/3612101065","Field Specialist - Dual Logging While Drilling (LWD)/Directional Driller (DD)","Baker Hughes",2023-06-12 12:46:05
"linkedin","https://www.linkedin.com/jobs/view/3621358446","DATA PROGRAMMER ANALYST M/W","Eramet",2023-06-12 12:46:09
"linkedin","https://www.linkedin.com/jobs/view/3506336760","Senior Manager Supply Chain (SC)","McDermott International, Ltd",2023-06-12 12:46:15
"linkedin","https://www.linkedin.com/jobs/view/3599952170","Drill and Blast Superintendent - Coal Mining","Michael Page",2023-06-12 12:46:21
"linkedin","https://www.linkedin.com/jobs/view/3617649217","Civils / Structural Superintendent","Oil States International",2023-06-12 12:46:28
"linkedin","https://www.linkedin.com/jobs/view/3217305343","Senior Manager, Concentrating Technical Support","Freeport-McMoRan",2023-06-12 12:46:32
"linkedin","https://www.linkedin.com/jobs/view/3621361390","Long Term Mine Planning Superintendent H/F","Eramet",2023-06-12 12:46:38
"linkedin","https://www.linkedin.com/jobs/view/3629302921","Fitter","NOV",2023-06-12 12:46:44
"linkedin","https://www.linkedin.com/jobs/view/3481872101","Painter Foreman","McDermott International, Ltd",2023-06-12 12:46:51
"linkedin","https://www.linkedin.com/jobs/view/3629307993","Welder","NOV",2023-06-12 12:46:56
"linkedin","https://www.linkedin.com/jobs/view/3575865558","Mining Construction Superintendent (Mandarin Speaker)","Michael Page",2023-06-12 12:46:59
"linkedin","https://www.linkedin.com/jobs/view/3497097716","Fabrication Senior Rigger","McDermott International, Ltd",2023-06-12 12:47:06
"linkedin","https://www.linkedin.com/jobs/view/3516859397","Fabrication Senior Rigger","McDermott International, Ltd",2023-06-12 12:47:13
"linkedin","https://www.linkedin.com/jobs/view/3634227245","Tool Maintenance Technician I","Halliburton",2023-06-12 23:41:30
"linkedin","https://www.linkedin.com/jobs/view/3633973942","Technical Expert, Mill Mechanical Project and Shutdown","Freeport-McMoRan",2023-06-12 23:43:13
"linkedin","https://www.linkedin.com/jobs/view/3629509277","Sales Engineer","PT Wiraswasta Gemilang Indonesia",2023-06-12 23:43:16
"linkedin","https://www.linkedin.com/jobs/view/3633978318","Technical Expert, Underground Mining Training Specialist","Freeport-McMoRan",2023-06-12 23:43:22
"linkedin","https://www.linkedin.com/jobs/view/3622536075","SUPPLY CHAIN MANAGER M/W","Eramet",2023-06-12 23:43:28
"linkedin","https://www.linkedin.com/jobs/view/3629581461","Mine Maintenance Safety Superintendent","Eramet",2023-06-12 23:45:44
"linkedin","https://www.linkedin.com/jobs/view/3634246532","Indirect Channel Account Manager B2C","Shell",2023-06-12 23:45:48
"linkedin","https://www.linkedin.com/jobs/view/3625547818","Production Manager - Nickel","Michael Page",2023-06-13 00:04:15
"linkedin","https://www.linkedin.com/jobs/view/3575864692","Port Maintenance Manager - Coal Mining","Michael Page",2023-06-13 00:04:18
"linkedin","https://www.linkedin.com/jobs/view/3618911608","Foreman Mine plan (for Nikel & Coal)","PT. Bintang Mining Indonesia",2023-06-13 00:04:24
"linkedin","https://www.linkedin.com/jobs/view/3616189258","Short Term Mine Plan","Sinarmas Mining",2023-06-13 00:04:30
"linkedin","https://www.linkedin.com/jobs/view/3584925739","SR Electrician","PT. Mitrabara Adiperdana Tbk",2023-06-13 00:04:36
"linkedin","https://www.linkedin.com/jobs/view/3629772933","Asset Management Consultant","RPMGlobal",2023-06-13 00:04:39
"linkedin","https://www.linkedin.com/jobs/view/3605103827","Legal Manager (Mining) - East Kalimantan","Michael Page",2023-06-13 00:04:43
"linkedin","https://www.linkedin.com/jobs/view/3584929264","GL Infrastructure","PT. Mitrabara Adiperdana Tbk",2023-06-13 00:04:50
"linkedin","https://www.linkedin.com/jobs/view/3629144797","Supervisor Warehouse","Thiess",2023-06-13 00:07:13
"linkedin","https://www.linkedin.com/jobs/view/3572555684","MAIN ROAD FOREMAN","PT Straits Mining Service",2023-06-13 00:07:19
"linkedin","https://www.linkedin.com/jobs/view/3590946719","Foreman Produksi","PT Bima Putra Abadi Citranusa (Bomba Grup) - Site Lahat, Sumatra Selatan",2023-06-13 00:07:26
"linkedin","https://www.linkedin.com/jobs/view/3598339150","FOREMAN PRODUKSI","PT Mitra Abadi Mahakam",2023-06-13 00:07:30
"linkedin","https://www.linkedin.com/jobs/view/3602590618","Foreman Preparasi","PT. Kawei Sejahtera Mining",2023-06-13 00:07:37
"linkedin","https://www.linkedin.com/jobs/view/3610060176","Supervisor Lingkungan","PT Artha Cipta Langgeng",2023-06-13 00:07:43
"linkedin","https://www.linkedin.com/jobs/view/3598332963","SUPERVISOR PRODUKSI","PT Mitra Abadi Mahakam",2023-06-13 00:07:50
"linkedin","https://www.linkedin.com/jobs/view/3583050406","Area Sales Supervisor","PT Blue Gas Indonesia",2023-06-13 00:07:55
"linkedin","https://www.linkedin.com/jobs/view/3598336335","SUPERVISOR LOGISTIK","PT Mitra Abadi Mahakam",2023-06-13 00:08:02
"linkedin","https://www.linkedin.com/jobs/view/3601485483","Wellhead Supervisor","SPT Energy Group Indonesia",2023-06-13 00:08:09
"linkedin","https://www.linkedin.com/jobs/view/3583053117","Sales & Distribution Senior Supervisor","PT Blue Gas Indonesia",2023-06-13 00:08:13
"linkedin","https://www.linkedin.com/jobs/view/3614656170","Smelter Operation Readiness - Supervisor Sales Planning & Controlling","Freeport Indonesia",2023-06-13 00:08:19
"linkedin","https://www.linkedin.com/jobs/view/3629813809","11","PT Adaro Energy Indonesia Tbk",2023-06-13 00:10:27
"linkedin","https://www.linkedin.com/jobs/view/3611166549","HR Operations Supervisor (Mining, Head Office)","Michael Page",2023-06-13 00:10:34
"linkedin","https://www.linkedin.com/jobs/view/3614656173","Smelter Operation Readiness - Supervisor Sales","Freeport Indonesia",2023-06-13 00:10:41
"linkedin","https://www.linkedin.com/jobs/view/3535227772","Industrial Relations Manager","Asia Pulp & Paper",2023-06-13 00:10:45
"linkedin","https://www.linkedin.com/jobs/view/3607202715","Manager Keuangan","PT. Borneo Alumindo Prima",2023-06-13 00:10:48
"linkedin","https://www.linkedin.com/jobs/view/3614371290","Manager - Performance Reporting","Orica",2023-06-13 00:10:55
"linkedin","https://www.linkedin.com/jobs/view/3618910725","Manager Kebun","PT Mutiara Sawit Seluma",2023-06-13 00:11:00
"linkedin","https://www.linkedin.com/jobs/view/3587956486","Kepala Tata Usaha Mill","PT TRIPUTRA AGRO PERSADA GROUP",2023-06-13 00:26:07
"linkedin","https://www.linkedin.com/jobs/view/3628924739","Superintendent Logistic & Port","PT Amman Mineral Nusa Tenggara",2023-06-13 00:26:10
"linkedin","https://www.linkedin.com/jobs/view/3614654261","Smelter Operation Readiness - Superintendent Sales Planning & Controlling","Freeport Indonesia",2023-06-13 00:26:17
"linkedin","https://www.linkedin.com/jobs/view/3606616422","Management","PT North Sumatera Hydro Energy",2023-06-13 00:26:23
"linkedin","https://www.linkedin.com/jobs/view/3614652394","Smelter Operation Readiness - Superintendent Sales","Freeport Indonesia",2023-06-13 00:26:26
"linkedin","https://www.linkedin.com/jobs/view/3629425222","Head of Representative Office","PT SMART Tbk",2023-06-13 00:26:33
"linkedin","https://www.linkedin.com/jobs/view/3625669098","Senior Manager - Finance Business Partner (Asia)","Orica",2023-06-13 00:26:39
"linkedin","https://www.linkedin.com/jobs/view/3629182360","Manager, Costing & Reporting (Cikupa)","Asia Pulp & Paper",2023-06-13 00:26:45
"linkedin","https://www.linkedin.com/jobs/view/3575866473","General Manager of Operations - Plantation","Michael Page",2023-06-13 00:26:52
"linkedin","https://www.linkedin.com/jobs/view/3572591211","National Sales Manager B2C/retail - Lubricant Industry","Michael Page",2023-06-13 00:26:55
"linkedin","https://www.linkedin.com/jobs/view/3575862896","Sales & Marketing Manager - Coal","Michael Page",2023-06-13 00:27:01
"linkedin","https://www.linkedin.com/jobs/view/3617652021","People Development Manager, Mining Services","Michael Page",2023-06-13 00:27:08
"linkedin","https://www.linkedin.com/jobs/view/3609467077","Head of business development (Renewable energy)","Page Executive",2023-06-13 00:27:12
"linkedin","https://www.linkedin.com/jobs/view/3619047312","Smelter Operation Readiness - Head of General & Sales Accounting","Freeport Indonesia",2023-06-13 00:27:15
"linkedin","https://www.linkedin.com/jobs/view/3605109169","HRGA Director, Multinational Agri","Michael Page",2023-06-13 00:27:19
"linkedin","https://www.linkedin.com/jobs/view/3615354127","Head of HRBP and GA (North Sumatera Placement)","Michael Page",2023-06-13 00:27:25
"linkedin","https://www.linkedin.com/jobs/view/3619385437","Head Of Engineering (Electrical and Automation)","PT TRIPUTRA AGRO PERSADA GROUP",2023-06-13 00:27:31
"linkedin","https://www.linkedin.com/jobs/view/3587491579","Water Management (Manager)","PT Mayawana Persada",2023-06-13 00:27:38
"linkedin","https://www.linkedin.com/jobs/view/3587494360","Plantation (Manager)","PT Mayawana Persada",2023-06-13 00:27:43
"linkedin","https://www.linkedin.com/jobs/view/3618910703","Manager Legal","PT Mutiara Sawit Seluma",2023-06-13 00:27:48
"linkedin","https://www.linkedin.com/jobs/view/3621733271","HRD Manager / SPV","PT Batara Perkasa",2023-06-13 00:27:54
"linkedin","https://www.linkedin.com/jobs/view/3587492602","Water Management (Askep)","PT Mayawana Persada",2023-06-13 00:28:00
"linkedin","https://www.linkedin.com/jobs/view/3598335383","General Manager","PT Sejahtera Mandiri Sawita",2023-06-13 00:28:05
"linkedin","https://www.linkedin.com/jobs/view/3587496187","R&D (Manager)","PT Mayawana Persada",2023-06-13 00:28:11
"linkedin","https://www.linkedin.com/jobs/view/3602096221","Financial Controller (Manager)","PT Mayawana Persada",2023-06-13 00:28:15
"linkedin","https://www.linkedin.com/jobs/view/3598336347","Mill Manager","PT Sejahtera Mandiri Sawita",2023-06-13 00:28:19
"linkedin","https://www.linkedin.com/jobs/view/3604029241","Legal Manager - Agriculture","Michael Page",2023-06-13 00:28:26
"linkedin","https://www.linkedin.com/jobs/view/3629546275","Head of Business Development - Solar (Mandarin Speaker)","PT Dian Swastatika Sentosa Tbk",2023-06-13 00:28:31
"linkedin","https://www.linkedin.com/jobs/view/3624436106","Legal Manager (Land Acquisition)","Michael Page",2023-06-13 00:28:35
"linkedin","https://www.linkedin.com/jobs/view/3575866599","Accounting Manager - Mining (South Kalimantan)","Michael Page",2023-06-13 00:28:40
"linkedin","https://www.linkedin.com/jobs/view/3575886654","Mining Director","Michael Page",2023-06-13 00:28:45
"linkedin","https://www.linkedin.com/jobs/view/3617017259","Finance Accounting Manager (Statutory Accounting)","Dhanistha Surya Nusantara",2023-06-13 00:28:52
"linkedin","https://www.linkedin.com/jobs/view/3587498070","FINANCE SUPERVISOR","PT Arsed Indonesia",2023-06-13 00:28:56
"linkedin","https://www.linkedin.com/jobs/view/3599949621","Head of Fraud (Banking)","Michael Page",2023-06-13 00:29:03
"linkedin","https://www.linkedin.com/jobs/view/3604031538","Legal Manager","Michael Page",2023-06-13 00:29:07
"linkedin","https://www.linkedin.com/jobs/view/3602586568","Fuel Blending Head","APRIL",2023-06-13 00:29:11
"linkedin","https://www.linkedin.com/jobs/view/3610061092","Supervisor Comdev","PT Artha Cipta Langgeng",2023-06-13 00:29:18
"linkedin","https://www.linkedin.com/jobs/view/3601489062","HSE Supervisor","SPT Energy Group Indonesia",2023-06-13 00:29:22
"linkedin","https://www.linkedin.com/jobs/view/3596193123","Global Head of Trading - Thermal Coal (based out of Jakarta)","Page Executive",2023-06-13 00:29:27
"linkedin","https://www.linkedin.com/jobs/view/3619384508","Climate Change and Conservation Management Section Head","PT TRIPUTRA AGRO PERSADA GROUP",2023-06-13 00:29:33
"linkedin","https://www.linkedin.com/jobs/view/3364098806","Quality Supervisor - Coating","McDermott International, Ltd",2023-06-13 00:29:40
"linkedin","https://www.linkedin.com/jobs/view/3625117934","Business Manager - Energy and Mining - Mandarin Speaker","Michael Page",2023-06-13 00:29:45
"linkedin","https://www.linkedin.com/jobs/view/3575868157","Head of HR, Palm Oil Refinery","Michael Page",2023-06-13 00:29:52
"linkedin","https://www.linkedin.com/jobs/view/3587497196","Plantation Controller (Manager)","PT Mayawana Persada",2023-06-13 00:29:59
"linkedin","https://www.linkedin.com/jobs/view/3583214545","Head of Legal and Corporate Secretary (Tbk Company Indonesia)","Page Executive",2023-06-13 00:30:03
"linkedin","https://www.linkedin.com/jobs/view/3587491583","Legal & License (Manager)","PT Mayawana Persada",2023-06-13 00:30:07
"linkedin","https://www.linkedin.com/jobs/view/3563621450","Head of HR (Based in Medan)","Michael Page",2023-06-13 00:30:11
"linkedin","https://www.linkedin.com/jobs/view/3598337240","SUPERVISOR PLANT","PT Mitra Abadi Mahakam",2023-06-13 00:30:18
"linkedin","https://www.linkedin.com/jobs/view/3575870023","Country Head of HR, Plantation","Michael Page",2023-06-13 00:30:22
"linkedin","https://www.linkedin.com/jobs/view/3618952130","Head of Legal - Diversified Local Conglomerate - Jakarta Based","Page Executive",2023-06-13 00:30:27
"linkedin","https://www.linkedin.com/jobs/view/3575862873","Head of Legal","Michael Page",2023-06-13 00:30:34
"linkedin","https://www.linkedin.com/jobs/view/3587491577","ACCOUNTING & TAX HEAD","PT Arsed Indonesia",2023-06-13 00:30:40
"linkedin","https://www.linkedin.com/jobs/view/3625500596","Communication Manager","Eramet",2023-06-13 00:30:46
"linkedin","https://www.linkedin.com/jobs/view/3575866454","Event Manager","Michael Page",2023-06-13 00:30:51
"linkedin","https://www.linkedin.com/jobs/view/3621535679","Go To Market (Financing) Manager","AgriAku",2023-06-13 00:30:58
"linkedin","https://www.linkedin.com/jobs/view/3619586425","Manager, Finance Controller Overseas","Asia Pulp & Paper",2023-06-13 00:31:03
"linkedin","https://www.linkedin.com/jobs/view/3598186356","Culinary Service Manager","EdenFarm",2023-06-13 00:31:06
"linkedin","https://www.linkedin.com/jobs/view/3575869004","Audit Operations Manager - Plantation Company","Michael Page",2023-06-13 00:31:12
"linkedin","https://www.linkedin.com/jobs/view/3623960633","Sr. Manager / Manager Business Development for Financing","AgriAku",2023-06-13 00:31:19
"linkedin","https://www.linkedin.com/jobs/view/3615345098","Deputy Project Director","TRS Staffing Solutions",2023-06-13 00:31:23
"linkedin","https://www.linkedin.com/jobs/view/3621361343","Site Planning Manager","Eramet",2023-06-13 00:31:28
"linkedin","https://www.linkedin.com/jobs/view/3604013051","Human Resources Manager","PT. Huayue Nickel Cobalt",2023-06-13 00:31:33
"linkedin","https://www.linkedin.com/jobs/view/3617606528","CSR and Community Development Supervisor","Petrochina International Jabung Ltd.",2023-06-13 00:31:37
"linkedin","https://www.linkedin.com/jobs/view/3535058202","Sustainability Client Manager","BSI",2023-06-13 00:31:44
"linkedin","https://www.linkedin.com/jobs/view/3603283582","Maintenance Manager (Mineral Mining)","Michael Page",2023-06-13 00:31:50
"linkedin","https://www.linkedin.com/jobs/view/3575866613","Workshop Maintenance Manager - Mobile Equipment","Michael Page",2023-06-13 00:31:55
"linkedin","https://www.linkedin.com/jobs/view/3614340828","Sr. Manager Environment - Mining Company","Michael Page",2023-06-13 00:32:00
"linkedin","https://www.linkedin.com/jobs/view/3575864681","HR Assistant Manager, Agrichem","Michael Page",2023-06-13 00:32:04
"linkedin","https://www.linkedin.com/jobs/view/3597005873","Marketing Manager","PT Sari Kresna Kimia",2023-06-13 00:32:08
"linkedin","https://www.linkedin.com/jobs/view/3622530955","Sustainability Manager M/W","Eramet",2023-06-13 00:32:15
"linkedin","https://www.linkedin.com/jobs/view/3575866465","HR Manager, Mining","Michael Page",2023-06-13 00:32:21
"linkedin","https://www.linkedin.com/jobs/view/3626573538","HR Manager","PT Sari Kresna Kimia",2023-06-13 00:32:24
"linkedin","https://www.linkedin.com/jobs/view/3587495244","Estate Manager","PT Mayawana Persada",2023-06-13 00:32:29
"linkedin","https://www.linkedin.com/jobs/view/3575867239","HR Manager (Balikpapan)","Michael Page",2023-06-13 00:32:36
"linkedin","https://www.linkedin.com/jobs/view/3575866533","HR Manager (Ops) - Mining Contractor","Michael Page",2023-06-13 00:32:42
"linkedin","https://www.linkedin.com/jobs/view/3587494341","Wood Supply (Manager)","PT Mayawana Persada",2023-06-13 00:32:46
"linkedin","https://www.linkedin.com/jobs/view/3605105691","Deputy Finance Manager - Energy","Michael Page",2023-06-13 00:32:50
"linkedin","https://www.linkedin.com/jobs/view/3600848782","Marketing Manager","PT Sari Kresna Kimia",2023-06-13 00:32:56
"linkedin","https://www.linkedin.com/jobs/view/3578843667","Utility Performance Manager 1 - Indonesia","Tetra Tech",2023-06-13 00:33:02
"linkedin","https://www.linkedin.com/jobs/view/3524646099","Technical Excellence Lead","Syngenta",2023-06-13 00:33:08
"linkedin","https://www.linkedin.com/jobs/view/3587495231","Infrastructure (Manager)","PT Mayawana Persada",2023-06-13 00:33:14
"linkedin","https://www.linkedin.com/jobs/view/3587492586","Planning (Manager)","PT Mayawana Persada",2023-06-13 00:33:19
"linkedin","https://www.linkedin.com/jobs/view/3575868210","Mining Heavy Equipment Maintenance Manager","Michael Page",2023-06-13 00:33:25
"linkedin","https://www.linkedin.com/jobs/view/3626687277","Manager Commissioning","McDermott International, Ltd",2023-06-13 00:33:30
"linkedin","https://www.linkedin.com/jobs/view/3599913815","Internal Audit Manager","PT Sari Kresna Kimia",2023-06-13 00:33:36
"linkedin","https://www.linkedin.com/jobs/view/3607288806","Internal Audit, Risk Management & Good Corporate Governance Manager","PT Borneo Alumina Indonesia (PT BAI)",2023-06-13 00:33:41
"linkedin","https://www.linkedin.com/jobs/view/3625594754","Internal Control & Risk Management Officer - ICRMO","Eramet",2023-06-13 00:33:47
"linkedin","https://www.linkedin.com/jobs/view/3595317650","Contracts and Grants Officer - Indonesia","Tetra Tech",2023-06-13 00:33:53
"linkedin","https://www.linkedin.com/jobs/view/3632734705","Senior Quality Inspector","McDermott International, Ltd",2023-06-13 00:33:58
"linkedin","https://www.linkedin.com/jobs/view/3604073223","Legal Counsel","Eramet",2023-06-13 00:34:04
"linkedin","https://www.linkedin.com/jobs/view/3617015498","Tax Manager","Dhanistha Surya Nusantara",2023-06-13 00:34:10
"linkedin","https://www.linkedin.com/jobs/view/3626546872","General Manager - Renewable Energy Project","Michael Page",2023-06-13 00:34:16
"linkedin","https://www.linkedin.com/jobs/view/3629939814","Area Sales Manager","PERSOLKELLY Indonesia",2023-06-13 00:34:23
"linkedin","https://www.linkedin.com/jobs/view/3575868154","Project Control Manager - Smelter","Michael Page",2023-06-13 00:34:27
"linkedin","https://www.linkedin.com/jobs/view/3597007848","Operation Assistant","PT ANTAM Tbk",2023-06-13 00:34:34
"linkedin","https://www.linkedin.com/jobs/view/3623875605","Manager, Finance Analyst&Reporting","Asia Pulp & Paper",2023-06-13 00:34:40
"linkedin","https://www.linkedin.com/jobs/view/3592804178","National Sales Manager B2B - Lubricant Industry","Michael Page",2023-06-13 00:34:46
"linkedin","https://www.linkedin.com/jobs/view/3625543700","Project Manager, Nature-based Solutions","Formative Search",2023-06-13 00:34:52
"linkedin","https://www.linkedin.com/jobs/view/3634691552","Field Service Rep. I - Drilling Fluids","Halliburton",2023-06-13 11:43:54.916865
"linkedin","https://www.linkedin.com/jobs/view/3630199665","Contract Engineer - Smelter projects","Michael Page",2023-06-13 11:45:10.942982
"linkedin","https://www.linkedin.com/jobs/view/3634943864","Civil Engineer - Hydrogen","bp",2023-06-13 11:45:17.267138
"linkedin","https://www.linkedin.com/jobs/view/3630155533","Geostatistical Specialist","Eramet",2023-06-13 11:45:20.598627
"linkedin","https://www.linkedin.com/jobs/view/3630149927","VIE Mining Environment Engineer_M/F","Eramet",2023-06-13 11:45:26.96703
"linkedin","https://www.linkedin.com/jobs/view/3633367713","EOI Specialist OHS","Thiess",2023-06-13 11:47:15.354897
"linkedin","https://www.linkedin.com/jobs/view/3634999261","Technical Advisor, Risk Assurance and Compliance","Freeport-McMoRan",2023-06-13 11:47:21.691724
"linkedin","https://www.linkedin.com/jobs/view/3568933060","Fabrication Senior Rigger","McDermott International, Ltd",2023-06-13 11:47:25.013942
"linkedin","https://www.linkedin.com/jobs/view/3633347212","Geotechnical Engineer","Fugro",2023-06-13 11:47:57.943671
"linkedin","https://www.linkedin.com/jobs/view/3633366985","EOI - Construction Operations Manager","Thiess",2023-06-13 11:49:25.229588
"linkedin","https://www.linkedin.com/jobs/view/3572557521","PRODUCTION FOREMAN","PT Straits Mining Service",2023-06-13 11:49:28.546707
"linkedin","https://www.linkedin.com/jobs/view/3598333608","FOREMAN PLANT","PT Mitra Abadi Mahakam",2023-06-13 11:49:31.884481
"linkedin","https://www.linkedin.com/jobs/view/3621424690","Senior Structural Welder","McDermott International, Ltd",2023-06-13 11:49:35.2335
"linkedin","https://www.linkedin.com/jobs/view/3630075785","Tech Prof-Coiled Tubing, Assoc","Halliburton",2023-06-13 11:51:41.635958
"linkedin","https://www.linkedin.com/jobs/view/3633366990","EOI Scheduler/Planner Workshop","Thiess",2023-06-13 11:51:46.980171
"linkedin","https://www.linkedin.com/jobs/view/3575870039","Area Sales Manager (Sulawesi) - Lubricant Industry","Michael Page",2023-06-13 11:51:53.310832
"linkedin","https://www.linkedin.com/jobs/view/3630882125","Fitter - Asset","Orica",2023-06-13 11:51:57.665775
"linkedin","https://www.linkedin.com/jobs/view/3615839526","Travel Administrator","McDermott International, Ltd",2023-06-13 11:52:00.9882
"linkedin","https://www.linkedin.com/jobs/view/3621360457","Site Project Control Manager","Eramet",2023-06-13 11:52:05.33098
"linkedin","https://www.linkedin.com/jobs/view/3517680890","Senior Manager Project Controls","McDermott International, Ltd",2023-06-13 11:52:08.685386
"linkedin","https://www.linkedin.com/jobs/view/3617015293","Senior Project Manager - Renewable Energy","Page Executive",2023-06-13 11:52:14.009627
"linkedin","https://www.linkedin.com/jobs/view/3633365542","QC (E&I) Inspector","NOV",2023-06-13 11:53:13.41147
"linkedin","https://www.linkedin.com/jobs/view/3632891501","11","PT Adaro Energy Indonesia Tbk",2023-06-13 11:55:09.647719
"linkedin","https://www.linkedin.com/jobs/view/3607665167","Talent Development Officer","Vasham",2023-06-13 11:55:12.971879
"linkedin","https://www.linkedin.com/jobs/view/3587956488","Buyer for Estate","PT TRIPUTRA AGRO PERSADA GROUP",2023-06-13 11:55:17.349712
"linkedin","https://www.linkedin.com/jobs/view/3612357998","Head of Shrimp Farming","Michael Page",2023-06-13 11:55:20.696608
"linkedin","https://www.linkedin.com/jobs/view/3621358416","Ethics & Compliance Officer - Jakarta, Indonesia (W/M)","Eramet",2023-06-13 11:55:24.057099
"linkedin","https://www.linkedin.com/jobs/view/3617501437","1","PT Adaro Energy Indonesia Tbk",2023-06-13 11:55:29.383816
"linkedin","https://www.linkedin.com/jobs/view/3599143499","Business Analyst","Vasham",2023-06-13 11:55:34.71045
"linkedin","https://www.linkedin.com/jobs/view/3635265485","Technician - Logging and Perforating","Halliburton",2023-06-13 23:52:06.244968
"linkedin","https://www.linkedin.com/jobs/view/3635263782","Technician - Logging and Perforating","Halliburton",2023-06-13 23:52:12.572212
"linkedin","https://www.linkedin.com/jobs/view/3635261931","Svc Spec I-Completions","Halliburton",2023-06-13 23:52:17.883385
"linkedin","https://www.linkedin.com/jobs/view/3635262909","Tool Maintenance Technician I","Halliburton",2023-06-13 23:52:21.193975
"linkedin","https://www.linkedin.com/jobs/view/3635261981","Tool Maintenance Technician II","Halliburton",2023-06-13 23:52:27.507011
"linkedin","https://www.linkedin.com/jobs/view/3635263783","Service Operator I - Logging and Perf","Halliburton",2023-06-13 23:52:30.817223
"linkedin","https://www.linkedin.com/jobs/view/3635265482","Operator Asst I-Coiled Tubing","Halliburton",2023-06-13 23:52:37.136696
"linkedin","https://www.linkedin.com/jobs/view/3635266354","Operator Asst I-Coiled Tubing","Halliburton",2023-06-13 23:52:40.439515
"linkedin","https://www.linkedin.com/jobs/view/3635267234","Service Specialist - Completion Tools","Halliburton",2023-06-13 23:52:43.748561
"linkedin","https://www.linkedin.com/jobs/view/3635268009","Field Engineer I - Directional Drilling","Halliburton",2023-06-13 23:54:15.531767
"linkedin","https://www.linkedin.com/jobs/view/3627664395","Piping Engineer","NOV",2023-06-13 23:54:20.844064
"linkedin","https://www.linkedin.com/jobs/view/3635446658","Lead Applications Engineer - CWI","Baker Hughes",2023-06-13 23:54:24.159682
"linkedin","https://www.linkedin.com/jobs/view/3633746942","Senior Project Engineer(Batam)","NOV",2023-06-13 23:54:30.458072
"linkedin","https://www.linkedin.com/jobs/view/3635262859","Sr Maint Engineer - Logging and Perforating","Halliburton",2023-06-13 23:54:34.792923
"linkedin","https://www.linkedin.com/jobs/view/3630155873","Construction Supervisor","TRIPATRA",2023-06-13 23:55:05.204167
"linkedin","https://www.linkedin.com/jobs/view/3635406772","Performance Analyst","bp",2023-06-13 23:56:45.533789
"linkedin","https://www.linkedin.com/jobs/view/3633336623","Cost Controller","Hatch",2023-06-13 23:56:50.846693
"linkedin","https://www.linkedin.com/jobs/view/3570817232","Manager - Operations Transformation - Energy, Resources & Industrials - ID","Deloitte",2023-06-13 23:59:23.251847
"linkedin","https://www.linkedin.com/jobs/view/3471502230","Senior Manager - Operations Transformation - Energy, Resources & Industrials - ID","Deloitte",2023-06-13 23:59:27.559434
"linkedin","https://www.linkedin.com/jobs/view/3630396329","Projects Readiness Manager","Brunel",2023-06-13 23:59:33.873444
"linkedin","https://www.linkedin.com/jobs/view/3630148333","Head of Contracts Management","TRIPATRA",2023-06-14 00:00:36.550424
"linkedin","https://www.linkedin.com/jobs/view/3633768176","Vice President of Public Policy and Government Relations","Page Executive",2023-06-14 00:01:38.731464
"linkedin","https://www.linkedin.com/jobs/view/3575868227","Head of Corporate Secretary - Plantation","Michael Page",2023-06-14 00:01:44.041775
"linkedin","https://www.linkedin.com/jobs/view/3630924824","Fracturing Operator","SLB",2023-06-14 03:58:41.343594
"linkedin","https://www.linkedin.com/jobs/view/3635751926","Discharge Manifold Equipment (DME) Technician III","Halliburton",2023-06-14 03:58:47.711965
"linkedin","https://www.linkedin.com/jobs/view/3635754830","Discharge Manifold Equipment (DME) Technician III","Halliburton",2023-06-14 03:58:54.136334
"linkedin","https://www.linkedin.com/jobs/view/3630923998","Fracturing Field Supervisor","SLB",2023-06-14 03:59:43.238264
"linkedin","https://www.linkedin.com/jobs/view/3634188185","Geotechnical Engineer","Fugro",2023-06-14 04:01:32.796548
"linkedin","https://www.linkedin.com/jobs/view/3630933702","Team Leader Sales Solo Raya","AgriAku",2023-06-14 04:04:41.61468
"linkedin","https://www.linkedin.com/jobs/view/3630917931","OEM Sales Manager (BUCKETS & UNDERCARRIAGE))","KOS International Limited",2023-06-14 04:04:47.977387
"linkedin","https://www.linkedin.com/jobs/view/3625563034","Completions Management System IT Support","McDermott International, Ltd",2023-06-14 04:06:14.036114
"linkedin","https://www.linkedin.com/jobs/view/3607287789","GA Officer","PT Borneo Alumina Indonesia (PT BAI)",2023-06-14 04:06:17.417683
"linkedin","https://www.linkedin.com/jobs/view/3426417514","Principal Cost Controls Specialist","McDermott International, Ltd",2023-06-14 04:06:20.800423
"linkedin","https://www.linkedin.com/jobs/view/3630933573","Legal Counsel","Eramet",2023-06-14 04:06:26.160412
"linkedin","https://www.linkedin.com/jobs/view/3624018870","Global & Fabrications Distribution System (GFDS) Contract Lead","Baker Hughes",2023-06-14 04:06:29.514126
"linkedin","https://www.linkedin.com/jobs/view/3630980426","OSBL & Energy Process Technology Engineer","PT Chandra Asri Petrochemical Tbk",2023-06-14 11:17:35.809274
"linkedin","https://www.linkedin.com/jobs/view/3630962784","Sr. Production Engineer","TIS Petroleum Asia Group",2023-06-14 11:17:42.269064
"linkedin","https://www.linkedin.com/jobs/view/3635982796","12","PT Adaro Energy Indonesia Tbk",2023-06-14 11:18:33.770339
"linkedin","https://www.linkedin.com/jobs/view/3630981776","Procurement Officer (based Pekanbaru)","PT Triguna Internusa Pratama",2023-06-14 11:19:37.506179
"linkedin","https://www.linkedin.com/jobs/view/3634308910","Data Scientist & Software Reliability Specialist","GroundProbe",2023-06-14 11:19:42.927352
"linkedin","https://www.linkedin.com/jobs/view/3635987183","12","PT Adaro Energy Indonesia Tbk",2023-06-14 11:21:43.070263
"linkedin","https://www.linkedin.com/jobs/view/3542269163","Technical Expert, Aviation - PTFI Aviation Program Manager","Freeport-McMoRan",2023-06-14 23:21:02.17197
"linkedin","https://www.linkedin.com/jobs/view/3630974062","GMO Mine Engineer","Sinarmas Mining",2023-06-14 23:22:55.901944
"linkedin","https://www.linkedin.com/jobs/view/3576680517","Senior Structural Engineer","McDermott International, Ltd",2023-06-14 23:23:00.210252
"linkedin","https://www.linkedin.com/jobs/view/3636232571","Technical Expert, Mass Excavation","Freeport-McMoRan",2023-06-14 23:23:03.523688
"linkedin","https://www.linkedin.com/jobs/view/3636233297","Technical Expert, Grasberg & Underground Blasting Specialist","Freeport-McMoRan",2023-06-14 23:23:07.834713
"linkedin","https://www.linkedin.com/jobs/view/3636229998","Technical Expert, Big Gossan Development","Freeport-McMoRan",2023-06-14 23:23:14.140046
"linkedin","https://www.linkedin.com/jobs/view/3636338750","Performance Analyst","bp",2023-06-14 23:24:57.188278
"linkedin","https://www.linkedin.com/jobs/view/3636342487","Field Sales Supervisor - NTB","Jiva",2023-06-14 23:26:26.284194
"linkedin","https://www.linkedin.com/jobs/view/3636338785","Area Manager - NTB","Jiva",2023-06-14 23:27:43.778344
"linkedin","https://www.linkedin.com/jobs/view/3636337792","Sales Coordinator - Penempatan Cabang Sulawesi Selatan","Jiva",2023-06-14 23:27:50.083794
"linkedin","https://www.linkedin.com/jobs/view/3634704083","Sales Executive","Van Leeuwen Pipe and Tube Asia",2023-06-14 23:28:51.769359
"linkedin","https://www.linkedin.com/jobs/view/3631734781","Gas Compressor Operator (based Cilegon)","PT Triguna Internusa Pratama",2023-06-15 11:17:40.102895
"linkedin","https://www.linkedin.com/jobs/view/3630776746","Service Specialist I-Testing Tools (Drill Stem Testing)","Halliburton",2023-06-15 11:17:43.501562
"linkedin","https://www.linkedin.com/jobs/view/3631398346","Process Engineer M/W","Eramet",2023-06-15 11:18:33.026945
"linkedin","https://www.linkedin.com/jobs/view/3530295763","Surveyor (Forestry)","Hasnur Group",2023-06-15 11:19:03.754848
"linkedin","https://www.linkedin.com/jobs/view/3635305219","Smelter Operation Readiness - Superintendent Health & Safety Operation","Freeport Indonesia",2023-06-15 11:21:24.138408
"linkedin","https://www.linkedin.com/jobs/view/3631750638","Health Safety Environment Supervisor","PT. Pro Tank Terminal",2023-06-15 11:21:27.523492
"linkedin","https://www.linkedin.com/jobs/view/3635300713","Smelter Operation Readiness - Superintendent Health & Safety System & Compliance","Freeport Indonesia",2023-06-15 11:21:30.913229
"linkedin","https://www.linkedin.com/jobs/view/3635300722","Smelter Operation Readiness - Superintendent Emergency Service","Freeport Indonesia",2023-06-15 11:21:35.3673
"linkedin","https://www.linkedin.com/jobs/view/3631399277","Chief Technical Officer M/W","Eramet",2023-06-15 11:21:41.75752
"linkedin","https://www.linkedin.com/jobs/view/3631732886","Drilling Superintendent (Coal Mining)","PT Indexim Coalindo",2023-06-15 11:21:48.164765
"linkedin","https://www.linkedin.com/jobs/view/3637267842","Pilot","bp",2023-06-15 11:21:51.564986
"linkedin","https://www.linkedin.com/jobs/view/3635086928","Fitter.Operations.I","NOV",2023-06-15 11:21:55.992653
"linkedin","https://www.linkedin.com/jobs/view/3635332052","EOI - Supervisor Procurement & Logistics","Thiess",2023-06-15 11:23:20.808433
"linkedin","https://www.linkedin.com/jobs/view/3631767567","ESG Manager","PT Adaro Energy Indonesia Tbk",2023-06-15 11:24:31.264449
"linkedin","https://www.linkedin.com/jobs/view/3631746770","Commercial Manager","PT Merdeka Copper Gold Tbk",2023-06-15 11:24:37.654413
"linkedin","https://www.linkedin.com/jobs/view/3636972794","Senior Training Specialist","McDermott International, Ltd",2023-06-15 11:24:43.038783
"linkedin","https://www.linkedin.com/jobs/view/3637372078","Operator Assistant I - Testing Tools","Halliburton",2023-06-15 23:20:26.626514
"linkedin","https://www.linkedin.com/jobs/view/3631789658","Geotechnical Engineer (Lab / Site)","PT HYDROCORE",2023-06-15 23:21:35.748423
"linkedin","https://www.linkedin.com/jobs/view/3637503809","Industrial Hygiene Programme Lead","bp",2023-06-15 23:24:19.585269
"linkedin","https://www.linkedin.com/jobs/view/3502015559","HSES Advisor","McDermott International, Ltd",2023-06-15 23:24:25.96021
"linkedin","https://www.linkedin.com/jobs/view/3637509402","Performance Analyst","bp",2023-06-15 23:24:32.33235
"linkedin","https://www.linkedin.com/jobs/view/3637320664","Senior Area Manager (Sulawesi)","TotalEnergies",2023-06-15 23:24:38.734208
"linkedin","https://www.linkedin.com/jobs/view/3637729313","First Fills Manager","Teal Energi",2023-06-15 23:24:43.10286
"linkedin","https://www.linkedin.com/jobs/view/3635618452","Finance Business Partner - Bontang","Orica",2023-06-15 23:24:47.474579
"linkedin","https://www.linkedin.com/jobs/view/3634988726","Welder","Baker Hughes",2023-06-15 23:24:52.84153
"linkedin","https://www.linkedin.com/jobs/view/3492417814","Senior Quality Inspector","McDermott International, Ltd",2023-06-15 23:30:44.86033
"linkedin","https://www.linkedin.com/jobs/view/3632347501","Category Manager - Fruit & Vegetables and Plantation","Corteva Agriscience",2023-06-15 23:30:51.236038
"linkedin","https://www.linkedin.com/jobs/view/3632907144","Procurement Engineer","TRIPATRA",2023-06-16 11:29:33.977243
"linkedin","https://www.linkedin.com/jobs/view/3637787306","Pressure Systems Integrity Engineer","bp",2023-06-16 11:29:40.371389
"linkedin","https://www.linkedin.com/jobs/view/3632393542","LNG Tank Construction Supervisor","Venture Cove Pte. Ltd.",2023-06-16 11:31:35.325551
"linkedin","https://www.linkedin.com/jobs/view/3637975703","Superintendent Projects | Nickel West | NPI | Perth based","BHP",2023-06-16 11:31:41.697041
"linkedin","https://www.linkedin.com/jobs/view/3637975703","Superintendent Projects | Nickel West | NPI | Perth based","BHP",2023-06-16 11:31:45.04533
"linkedin","https://www.linkedin.com/jobs/view/3632936675","Site Reliability Engineer","Sinarmas Mining",2023-06-16 11:32:18.1937
"linkedin","https://www.linkedin.com/jobs/view/3636953410","Environment Specialist | Perth | Permanent","BHP",2023-06-16 11:32:59.474289
"linkedin","https://www.linkedin.com/jobs/view/3632938973","Team Lead","Indoin Business Group",2023-06-16 11:35:01.499953
"linkedin","https://www.linkedin.com/jobs/view/3632931579","Security Manager","PT Indo Muro Kencana",2023-06-16 11:35:06.896318
"linkedin","https://www.linkedin.com/jobs/view/3637228924","HR Manager | B2B Agritech","Alpha JWC Ventures",2023-06-16 11:35:13.257518
"linkedin","https://www.linkedin.com/jobs/view/3632389462","Purchasing Staff (Mandarin Speaker)","PT Halmahera Jaya Feronikel (Harita Group)",2023-06-16 11:35:19.63546
"linkedin","https://www.linkedin.com/jobs/view/3632930841","Senior Project Manager - Renewable Energy","Page Executive",2023-06-16 11:35:25.983249
"linkedin","https://www.linkedin.com/jobs/view/3632917515","Administration & Finance Officer","Yayasan Bina Tani Sejahtera",2023-06-16 11:36:32.503303
"linkedin","https://www.linkedin.com/jobs/view/3632936113","President Director - Palm Oil Plantation ( Sumatera )","Michael Page",2023-06-16 11:36:37.902361
"linkedin","https://www.linkedin.com/jobs/view/3629933904","Maintenance Technician (Tangerang Selatan)","NOV",2023-06-16 23:20:15.760981
"linkedin","https://www.linkedin.com/jobs/view/3638348996","Assembly, Repair, Maintenance and Overhaul Engineer - Artificial Lift","Baker Hughes",2023-06-16 23:23:20.216392
"linkedin","https://www.linkedin.com/jobs/view/3638580636","Senior Commissioning Engineer","McDermott International, Ltd",2023-06-16 23:23:25.561549
"linkedin","https://www.linkedin.com/jobs/view/3638326978","Performance Analyst","bp",2023-06-16 23:27:02.813343
"linkedin","https://www.linkedin.com/jobs/view/3609874375","Wireline Field Specialist/Supervisor","SLB",2023-06-16 23:27:08.166451
"linkedin","https://www.linkedin.com/jobs/view/3609869928","Wireline Field Specialist/Supervisor","SLB",2023-06-16 23:27:13.523232
"linkedin","https://www.linkedin.com/jobs/view/3636484453","Senior Geophysicist","Fugro",2023-06-16 23:28:16.183964
"linkedin","https://www.linkedin.com/jobs/view/3637928791","Head of Legal - Diversified Local Conglomerate - Jakarta Based","Michael Page",2023-06-16 23:32:06.626158
"linkedin","https://www.linkedin.com/jobs/view/3636342490","Commercial Agri Input Executive (East Java)","Jiva",2023-06-16 23:33:43.946158
"linkedin","https://www.linkedin.com/jobs/view/3609869930","Mechanical Technician","SLB",2023-06-17 11:16:35.051016
"linkedin","https://www.linkedin.com/jobs/view/3609874411","Equipment Readiness Technician","SLB",2023-06-17 11:16:41.421387
"linkedin","https://www.linkedin.com/jobs/view/3609871741","Equipment Readiness Technician","SLB",2023-06-17 11:16:44.805124
"linkedin","https://www.linkedin.com/jobs/view/3633596646","Civil Engineer (based Pekanbaru)","PT Triguna Internusa Pratama",2023-06-17 11:17:33.197177
"linkedin","https://www.linkedin.com/jobs/view/3633568273","Snr. Surveyor","PT Kayan Putra Utama Coal",2023-06-17 11:18:00.900081
"linkedin","https://www.linkedin.com/jobs/view/3633562831","Spv Safety","PT Kayan Putra Utama Coal",2023-06-17 11:19:17.04678
"linkedin","https://www.linkedin.com/jobs/view/3638922399","Performance Analyst","bp",2023-06-17 11:19:23.419235
"linkedin","https://www.linkedin.com/jobs/view/3492420036","Senior Quality Inspector","McDermott International, Ltd",2023-06-17 11:21:19.727201
"linkedin","https://www.linkedin.com/jobs/view/3631770638","Country Sales Manager","TalentHut PLT",2023-06-17 11:21:24.10188
"linkedin","https://www.linkedin.com/jobs/view/3633598486","Head of HR (Oil & Gas)","Michael Page",2023-06-17 11:22:17.288094
"linkedin","https://www.linkedin.com/jobs/view/3637118905","AgTech Customer Success Specialist - Remote NE, ID, UT","Valmont Industries, Inc.",2023-06-17 23:19:44.25262
"linkedin","https://www.linkedin.com/jobs/view/3637196023","Smelter Operation Readiness - Learning and Development Officer","Freeport Indonesia",2023-06-17 23:20:43.160805
"linkedin","https://www.linkedin.com/jobs/view/3637190937","Smelter Operation Readiness - Workplace Compliance Officer","Freeport Indonesia",2023-06-17 23:20:46.485607
"linkedin","https://www.linkedin.com/jobs/view/3637196026","Smelter Operation Readiness - Compensation and Benefit Officer","Freeport Indonesia",2023-06-17 23:22:48.623887
"linkedin","https://www.linkedin.com/jobs/view/3637453404","Senior Geophysicist","Fugro",2023-06-18 11:17:28.51306
"linkedin","https://www.linkedin.com/jobs/view/3639373967","Performance Analyst","bp",2023-06-18 23:21:18.830676
"linkedin","https://www.linkedin.com/jobs/view/3634519385","Jr. Social Media Manager","Hyoshii Farm Indonesia",2023-06-18 23:23:24.472508
"linkedin","https://www.linkedin.com/jobs/view/3636092609","Legal Sr. Counsel","Repsol",2023-06-18 23:24:20.764541
"linkedin","https://www.linkedin.com/jobs/view/3638059553","Engineer., Surface & Regional Hydrology #1","Freeport Indonesia",2023-06-19 11:18:05.194527
"linkedin","https://www.linkedin.com/jobs/view/3638059560","Engineer, UG Hydrology GBC & BG#2","Freeport Indonesia",2023-06-19 11:18:08.546402
"linkedin","https://www.linkedin.com/jobs/view/3634590074","Civil Engineer (based Pekanbaru)","PT Triguna Internusa Pratama",2023-06-19 11:18:11.874239
"linkedin","https://www.linkedin.com/jobs/view/3639749636","Labour Rights Supply Chain Advisor","bp",2023-06-19 11:19:45.982965
"linkedin","https://www.linkedin.com/jobs/view/3638082108","Senior Geophysicist","Fugro",2023-06-19 11:20:22.368357
"linkedin","https://www.linkedin.com/jobs/view/3638050618","Area Manager - Corn Business","AgriAku",2023-06-19 11:22:39.777293
"linkedin","https://www.linkedin.com/jobs/view/3638050312","Sr. Manager / Manager Business Development for Financing","AgriAku",2023-06-19 11:22:43.120486
"linkedin","https://www.linkedin.com/jobs/view/3634581088","UX Researcher Intern","PT Kita Tanami Indonesia",2023-06-19 11:24:15.352901
"linkedin","https://www.linkedin.com/jobs/view/3622531782","SUPPLY CHAIN OFFICER M/W","Eramet",2023-06-19 11:24:20.709421
"linkedin","https://www.linkedin.com/jobs/view/3572796550","Finance Assistant - Indonesia","Tetra Tech",2023-06-19 11:24:27.045031
"linkedin","https://www.linkedin.com/jobs/view/3638064165","SECRETARY, CONCENTRATING DIVISION","Freeport Indonesia",2023-06-19 11:24:32.389303
"linkedin","https://www.linkedin.com/jobs/view/3639775281","Technical Expert, Aviation - PTFI Aviation Program Manager","Freeport-McMoRan",2023-06-19 23:20:29.602235
"linkedin","https://www.linkedin.com/jobs/view/3638423404","Technical Specialist Engineer - WebGen","Orica",2023-06-19 23:21:50.738115
"linkedin","https://www.linkedin.com/jobs/view/3638422691","Technical Specialist Engineer - WebGen","Orica",2023-06-19 23:21:54.106807
"linkedin","https://www.linkedin.com/jobs/view/3634529952","Mine Plan Engineer (Mid/Long Term)","PT Darma Henwa Tbk",2023-06-19 23:21:59.459397
"linkedin","https://www.linkedin.com/jobs/view/3560567346","HSES Advisor","McDermott International, Ltd",2023-06-19 23:24:27.736413
"linkedin","https://www.linkedin.com/jobs/view/3640194770","Labour Rights Supply Chain Advisor","bp",2023-06-19 23:24:32.108069
"linkedin","https://www.linkedin.com/jobs/view/3639849450","Performance Analyst","bp",2023-06-19 23:24:35.457107
"linkedin","https://www.linkedin.com/jobs/view/3640103393","Area Commissioning Manager","Teal Energi",2023-06-19 23:24:39.837057
"linkedin","https://www.linkedin.com/jobs/view/3635175044","QC Welding/Piping Manager","Hyundai Engineering Co. Ltd.",2023-06-19 23:27:00.245208
"linkedin","https://www.linkedin.com/jobs/view/3639277140","Supervisor Lifting Equipment","Thiess",2023-06-20 11:16:13.551498
"linkedin","https://www.linkedin.com/jobs/view/3639247258","Engineer.Manufacturing.I (Batam)","NOV",2023-06-20 11:18:24.691867
"linkedin","https://www.linkedin.com/jobs/view/3639505892","Production Optimization Engineer","Weatherford",2023-06-20 11:18:30.054593
"linkedin","https://www.linkedin.com/jobs/view/3638788930","Smelter Operation Readiness - Engineer Network and Radio Systems","Freeport Indonesia",2023-06-20 11:18:35.477962
"linkedin","https://www.linkedin.com/jobs/view/3638787914","Smelter Operation Readiness - Engineer Systems Management","Freeport Indonesia",2023-06-20 11:18:39.844475
"linkedin","https://www.linkedin.com/jobs/view/3638793231","Smelter Operation Readiness - Engineer Radio Systems","Freeport Indonesia",2023-06-20 11:18:45.188065
"linkedin","https://www.linkedin.com/jobs/view/3639523467","EOI - Engineer Fleet Management System (FMS)","Thiess",2023-06-20 11:18:49.609558
"linkedin","https://www.linkedin.com/jobs/view/3639528021","EOI - Engineer Operations Technology","Thiess",2023-06-20 11:18:54.937131
"linkedin","https://www.linkedin.com/jobs/view/3638794037","Smelter Operation Readiness - Engineer Network, Wireless and Control Systems","Freeport Indonesia",2023-06-20 11:19:01.283129
"linkedin","https://www.linkedin.com/jobs/view/3635841260","Civil Engineer (based Pekanbaru)","PT Triguna Internusa Pratama",2023-06-20 11:19:04.611324
"linkedin","https://www.linkedin.com/jobs/view/3638794036","Smelter Operation Readiness - Superintendent Network, Wireless & Control Systems","Freeport Indonesia",2023-06-20 11:21:09.554564
"linkedin","https://www.linkedin.com/jobs/view/3638789889","Smelter Operation Readiness - Superintendent Systems Management","Freeport Indonesia",2023-06-20 11:21:14.903755
"linkedin","https://www.linkedin.com/jobs/view/3638788922","Smelter Operation Readiness - Superintendent End User Computing","Freeport Indonesia",2023-06-20 11:21:18.260252
"linkedin","https://www.linkedin.com/jobs/view/3640489108","AP & AR Coordinator","ESCO Corporation",2023-06-20 11:21:22.700532
